Season,Year,Month,Day,Species,Count,Lat,Long,TOD,ToD_Day,Platform,ID,FlightNumber
1,2013,5,9,BW,3,61.19363889,-150.3569167,13:37:23,0.5676273148,Aerial,2013_5_9,1
1,2013,5,9,HS,2,61.19336111,-150.67525,13:57:33,0.5816319444,Aerial,2013_5_9,1
1,2013,5,9,HS,3,61.19225,-150.6618056,13:57:54,0.5818750000,Aerial,2013_5_9,1
1,2013,5,9,HS,1,61.19047222,-150.7288889,14:01:13,0.5841782407,Aerial,2013_5_9,1
1,2013,5,9,BW,5,61.19033333,-150.7450833,14:01:35,0.5844328704,Aerial,2013_5_9,1
1,2013,5,9,BW,1,61.18925,-150.66925,13:55:07,0.5799421296,Aerial,2013_5_9,1
1,2013,5,9,HS,3,61.18908333,-150.6020833,13:51:58,0.5777546296,Aerial,2013_5_9,1
1,2013,5,9,HS,1,61.18855556,-150.664,13:56:07,0.5806365741,Aerial,2013_5_9,1
1,2013,5,9,BW,3,61.18027778,-150.6131389,13:49:16,0.5758796296,Aerial,2013_5_9,1
1,2013,5,9,BW,3,61.11627778,-151.0691389,14:16:34,0.5948379630,Aerial,2013_5_9,1
1,2013,5,9,BW,6,61.04505556,-151.1626389,14:20:08,0.5973148148,Aerial,2013_5_9,1
1,2013,5,9,BW,1,61.03611111,-150.4396111,15:27:59,0.6444328704,Aerial,2013_5_9,1
1,2013,5,9,BW,5,61.01727778,-150.4685556,15:24:44,0.6421759259,Aerial,2013_5_9,1
1,2013,5,9,BW,2,60.99616667,-150.2634167,15:31:18,0.6467361111,Aerial,2013_5_9,1
2,2013,5,19,HS,10,61.22163889,-150.8255833,11:29:06,0.4785416667,Aerial,2013_5_19,2
2,2013,5,19,BW,1,61.21116387,-150.8107737,11:27:33,0.4774652778,Aerial,2013_5_19,2
2,2013,5,19,BW,5,61.21113945,-150.4027613,11:14:46,0.4685879630,Aerial,2013_5_19,2
2,2013,5,19,BW,8,61.12301871,-151.0778201,11:35:52,0.4832407407,Aerial,2013_5_19,2
2,2013,5,19,BW,4,61.03234517,-150.3403821,12:32:39,0.5226736111,Aerial,2013_5_19,2
2,2013,5,19,HP,3,61.03085043,-150.351785,12:32:07,0.5223032407,Aerial,2013_5_19,2
2,2013,5,24,BW,22,61.18363099,-150.4333152,11:25:14,0.4758564815,Aerial,2013_5_24,3
2,2013,5,24,BW,4,61.18013292,-150.5843978,11:30:30,0.4795138889,Aerial,2013_5_24,3
2,2013,5,24,BW,8,61.16905866,-150.9725669,11:37:45,0.4845486111,Aerial,2013_5_24,3
2,2013,5,24,BW,1,61.02478373,-150.5115539,12:27:30,0.5190972222,Aerial,2013_5_24,3
2,2013,5,24,BW,5,61.01220867,-150.5695478,12:25:59,0.5180439815,Aerial,2013_5_24,3
2,2013,5,24,HS,4,60.78483101,-151.175192,12:11:38,0.5080787037,Aerial,2013_5_24,3
2,2013,5,31,BW,53,61.26121028,-150.3145048,12:23:10,0.5160879630,Aerial,2013_5_31,4
2,2013,5,31,HS,30,61.23168384,-150.8078307,11:39:32,0.4857870370,Aerial,2013_5_31,4
2,2013,5,31,HS,50,61.21746112,-150.8505969,11:40:39,0.4865625000,Aerial,2013_5_31,4
2,2013,5,31,HS,5,61.20088827,-150.9396363,11:42:35,0.4879050926,Aerial,2013_5_31,4
2,2013,6,7,BW,90,61.22863129,-150.2452499,11:11:58,0.4666435185,Aerial,2013_6_7,5
2,2013,6,7,HS,75,61.18943924,-150.5824992,11:27:49,0.4776504630,Aerial,2013_6_7,5
2,2013,6,7,HS,15,61.18727786,-150.4568511,11:25:35,0.4760995370,Aerial,2013_6_7,5
2,2013,6,7,HS,250,61.18381397,-150.5105427,11:26:34,0.4767824074,Aerial,2013_6_7,5
2,2013,6,7,BW,12,61.00872481,-150.2889264,12:35:05,0.5243634259,Aerial,2013_6_7,5
2,2013,6,7,BW,22,61.00670061,-150.2825732,12:33:22,0.5231712963,Aerial,2013_6_7,5
2,2013,6,14,BW,67,61.23773895,-150.4824866,12:19:01,0.5132060185,Aerial,2013_6_14,6
2,2013,6,14,HS,75,61.22898562,-150.7848265,12:31:52,0.5221296296,Aerial,2013_6_14,6
2,2013,6,14,BW,25,61.2283713,-150.7609623,12:31:05,0.5215856481,Aerial,2013_6_14,6
2,2013,6,14,BW,35,61.21976563,-150.7973557,12:34:51,0.5242013889,Aerial,2013_6_14,6
2,2013,6,14,HS,150,61.21239263,-150.8142075,12:35:50,0.5248842593,Aerial,2013_6_14,6
2,2013,6,14,BW,1,61.1825,-150.9190556,12:41:22,0.5287268519,Aerial,2013_6_14,6
2,2013,6,20,HS,18,61.2343714,-150.7894652,15:39:34,0.6524768519,Aerial,2013_6_20,-999
2,2013,6,20,HS,3,61.21945272,-150.8252324,15:40:59,0.6534606481,Aerial,2013_6_20,-999
2,2013,6,20,HS,5,61.2113563,-150.8485477,15:41:17,0.6536689815,Aerial,2013_6_20,-999
2,2013,6,20,BW,1,60.9733583,-150.2415007,16:38:04,0.6931018519,Aerial,2013_6_20,-999
2,2013,6,20,BW,10,60.94487106,-150.2059001,16:43:07,0.6966087963,Aerial,2013_6_20,-999
3,2013,7,1,BW,1,61.26141138,-150.6294437,13:49:29,0.5760300926,Aerial,2013_7_1,-999
3,2013,7,1,BW,5,61.23990285,-150.7197014,13:55:30,0.5802083333,Aerial,2013_7_1,-999
3,2013,7,1,BW,10,61.226675,-150.8174889,14:00:18,0.5835416667,Aerial,2013_7_1,-999
3,2013,7,1,BW,4,61.22142643,-150.8082719,14:00:45,0.5838541667,Aerial,2013_7_1,-999
3,2013,7,1,HS,12,61.21546011,-150.7958746,13:58:47,0.5824884259,Aerial,2013_7_1,-999
3,2013,7,1,HS,120,61.20085551,-150.8443857,14:01:46,0.5845601852,Aerial,2013_7_1,-999
3,2013,7,1,BW,8,61.13359507,-151.0294236,14:06:23,0.5877662037,Aerial,2013_7_1,-999
3,2013,7,1,BW,3,60.9347756,-150.066691,15:10:13,0.6320949074,Aerial,2013_7_1,-999
3,2013,7,1,HS,1,60.87273779,-151.7078213,14:25:33,0.6010763889,Aerial,2013_7_1,-999
3,2013,7,9,BW,15,61.1935242,-150.8222028,13:42:45,0.5713541667,Aerial,2013_7_9,8
3,2013,7,9,BW,35,61.18988574,-150.4358193,13:31:41,0.5636689815,Aerial,2013_7_9,8
3,2013,7,9,HS,60,61.18520077,-150.5039253,13:33:02,0.5646064815,Aerial,2013_7_9,8
3,2013,7,9,BW,70,61.18503259,-150.6194433,13:35:00,0.5659722222,Aerial,2013_7_9,8
3,2013,7,9,BW,6,61.17463571,-150.870785,13:47:13,0.5744560185,Aerial,2013_7_9,8
3,2013,7,13,BW,10,61.26262216,-150.6816167,10:08:20,0.4224537037,Aerial,2013_7_13,9
3,2013,7,13,BW,1,61.2521233,-150.6096508,10:07:02,0.4215509259,Aerial,2013_7_13,9
3,2013,7,13,BW,5,61.23380403,-150.7937089,10:13:23,0.4259606481,Aerial,2013_7_13,9
3,2013,7,13,HS,50,61.23010687,-150.8027452,10:16:36,0.4281944444,Aerial,2013_7_13,9
3,2013,7,13,BW,4,61.19595378,-150.9551589,10:20:00,0.4305555556,Aerial,2013_7_13,9
3,2013,7,13,BW,8,60.90706189,-150.071287,11:23:11,0.4744328704,Aerial,2013_7_13,9
3,2013,7,19,BW,15,61.26325285,-150.5694426,15:37:20,0.6509259259,Aerial,2013_7_19,10
3,2013,7,19,BW,20,60.91703046,-150.0646191,16:48:05,0.7000578704,Aerial,2013_7_19,10
3,2013,7,19,HS,20,60.90479445,-151.7051082,16:07:32,0.6718981481,Aerial,2013_7_19,10
3,2013,7,24,BW,20,61.24331712,-150.5004183,10:35:26,0.4412731481,Aerial,2013_7_24,10
3,2013,7,24,BW,12,61.23719469,-150.4942902,10:34:59,0.4409606481,Aerial,2013_7_24,10
3,2013,7,24,BW,35,61.23000954,-150.7863357,10:44:56,0.4478703704,Aerial,2013_7_24,10
3,2013,7,24,HS,6,60.5435486,-151.3098835,11:29:32,0.4788425926,Aerial,2013_7_24,10
3,2013,7,31,BW,4,61.23015195,-150.5205931,13:48:53,0.5756134259,Aerial,2013_7_31,11
3,2013,7,31,BW,22,61.22806511,-150.6405932,13:53:17,0.5786689815,Aerial,2013_7_31,11
3,2013,7,31,BW,2,61.22648613,-150.4894546,13:44:15,0.5723958333,Aerial,2013_7_31,11
3,2013,7,31,BW,10,61.2261567,-150.5609181,13:51:54,0.5777083333,Aerial,2013_7_31,11
3,2013,8,7,HS,18,61.24883305,-150.6296553,13:42:06,0.5709027778,Aerial,2013_8_7,12
3,2013,8,7,HS,12,61.24488904,-150.2848729,15:19:43,0.6386921296,Aerial,2013_8_7,12
3,2013,8,7,HS,8,61.20105236,-150.7810027,13:45:22,0.5731712963,Aerial,2013_8_7,12
3,2013,8,7,HS,50,60.6593247,-151.992636,14:14:02,0.5930787037,Aerial,2013_8_7,12
3,2013,8,7,HS,20,60.63624279,-152.0429064,14:15:08,0.5938425926,Aerial,2013_8_7,12
3,2013,8,15,HS,6,61.28682344,-150.3333481,13:34:52,0.5658796296,Aerial,2013_8_15,13
3,2013,8,15,BW,4,61.26479214,-150.2927915,13:33:21,0.5648263889,Aerial,2013_8_15,13
3,2013,8,15,BW,4,61.26405924,-150.5563118,13:40:15,0.5696180556,Aerial,2013_8_15,13
3,2013,8,15,BW,7,61.26164863,-150.659172,13:43:03,0.5715625000,Aerial,2013_8_15,13
3,2013,8,15,BW,12,61.25802118,-150.2813839,13:32:25,0.5641782407,Aerial,2013_8_15,13
3,2013,8,15,BW,3,61.25124366,-150.5153906,13:39:03,0.5687847222,Aerial,2013_8_15,13
3,2013,8,15,BW,8,61.24923606,-150.7156024,13:46:05,0.5736689815,Aerial,2013_8_15,13
3,2013,8,15,BW,7,61.24571322,-150.7393587,13:46:44,0.5741203704,Aerial,2013_8_15,13
3,2013,8,15,HS,35,61.22092821,-150.7897704,13:50:59,0.5770717593,Aerial,2013_8_15,13
3,2013,8,15,HS,20,60.90425884,-151.6962365,14:12:22,0.5919212963,Aerial,2013_8_15,13
4,2013,8,23,BW,5,61.20646998,-150.8346716,13:27:57,0.5610763889,Aerial,2013_8_23,14
4,2013,8,23,BW,19,61.18240149,-150.8484213,13:29:58,0.5624768519,Aerial,2013_8_23,14
4,2013,9,5,BW,3,61.22015366,-150.7956267,10:44:23,0.4474884259,Aerial,2013_9_5,16
4,2013,9,13,HS,7,60.86429243,-151.7203552,14:01:23,0.5842939815,Aerial,2013_9_13,17
4,2013,9,20,BW,25,60.94403156,-150.1986814,11:24:20,0.4752314815,Aerial,2013_9_20,18
4,2013,9,20,BW,4,60.93941896,-149.9303348,11:36:15,0.4835069444,Aerial,2013_9_20,18
4,2013,9,23,BW,2,61.03475931,-151.1681153,12:46:32,0.5323148148,Aerial,2013_9_23,19
4,2013,9,23,BW,30,60.94820679,-150.1748492,13:41:50,0.5707175926,Aerial,2013_9_23,19
4,2013,9,30,HS,1,61.2402292,-150.6952637,13:33:30,0.5649305556,Aerial,2013_9_30,20
4,2013,9,30,HS,3,61.21534974,-150.8014217,13:35:25,0.5662615741,Aerial,2013_9_30,20
4,2013,9,30,BW,16,60.92378402,-150.06516,14:37:33,0.6094097222,Aerial,2013_9_30,20
4,2013,9,30,BW,45,60.91924984,-149.451861,15:52:44,0.6616203704,Aerial,2013_9_30,20
5,2013,10,10,BW,12,60.92696315,-149.3664344,13:21:41,0.5567245370,Aerial,2013_10_10,21
5,2013,10,10,BW,20,60.90106017,-149.392137,13:31:27,0.5635069444,Aerial,2013_10_10,21
5,2013,10,14,HS,16,60.8956015,-151.6486376,11:05:52,0.4624074074,Aerial,2013_10_14,22
5,2013,10,22,BW,2,60.96562637,-150.2850029,12:46:21,0.5321875000,Aerial,2013_10_22,23
5,2013,10,22,BW,40,60.96088901,-150.2715109,12:42:46,0.5296990741,Aerial,2013_10_22,23
5,2013,10,22,BW,10,60.94975071,-149.9836027,12:54:04,0.5375462963,Aerial,2013_10_22,23
5,2013,10,22,BW,7,60.94870997,-150.2268698,12:48:21,0.5335763889,Aerial,2013_10_22,23
1,2014,4,4,BW,3,61.19590596,-150.930402,13:10:14,0.5487731481,Aerial,2014_4_4,25
1,2014,4,4,BW,5,60.93430527,-151.5910388,13:29:36,0.5622222222,Aerial,2014_4_4,25
1,2014,4,6,BW,3,61.25716406,-150.5342156,12:58:41,0.5407523148,Aerial,2014_4_6,27
1,2014,4,6,BW,1,61.097755,-151.1073875,13:25:00,0.5590277778,Aerial,2014_4_6,27
1,2014,4,6,BW,4,60.90234524,-151.723363,13:41:22,0.5703935185,Aerial,2014_4_6,27
1,2014,4,6,BW,8,60.90223505,-151.7215093,13:42:20,0.5710648148,Aerial,2014_4_6,27
1,2014,4,6,BW,6,60.72661444,-151.4049311,14:42:32,0.6128703704,Aerial,2014_4_6,27
1,2014,4,6,BW,6,60.70974859,-151.4165055,14:00:35,0.5837384259,Aerial,2014_4_6,27
1,2014,4,8,BW,1,61.22764278,-150.7827018,15:43:48,0.6554166667,Aerial,2014_4_8,28
1,2014,4,8,BW,14,60.5426559,-151.2338838,14:38:20,0.6099537037,Aerial,2014_4_8,28
1,2014,4,8,HS,1,60.54065615,-151.2367957,14:42:48,0.6130555556,Aerial,2014_4_8,28
1,2014,4,8,HS,32,60.53403471,-151.2469059,14:43:15,0.6133680556,Aerial,2014_4_8,28
1,2014,4,9,BW,2,61.15094952,-151.0043405,10:34:20,0.4405092593,Aerial,2014_4_9,29
1,2014,4,9,BW,3,60.54902773,-151.2665442,11:15:43,0.4692476852,Aerial,2014_4_9,29
1,2014,4,10,BW,6,61.21507877,-149.8302002,11:28:01,0.4777893519,Aerial,2014_4_10,30
1,2014,4,10,BW,1,61.21469253,-149.8295827,11:23:14,0.4744675926,Aerial,2014_4_10,30
1,2014,4,10,BW,2,61.13841921,-151.0370813,11:39:57,0.4860763889,Aerial,2014_4_10,30
1,2014,4,11,BW,7,61.21453062,-149.8349622,11:30:56,0.4798148148,Aerial,2014_4_11,31
1,2014,4,11,BW,3,61.2142949,-149.8347719,11:51:41,0.4942245370,Aerial,2014_4_11,31
1,2014,4,11,BW,2,61.21406741,-149.8347622,11:44:06,0.4889583333,Aerial,2014_4_11,31
1,2014,4,11,BW,1,61.21379321,-149.8349306,11:34:20,0.4821759259,Aerial,2014_4_11,31
1,2014,4,11,BW,10,61.01202048,-151.2309143,11:53:37,0.4955671296,Aerial,2014_4_11,31
1,2014,4,14,BW,28,61.18885343,-150.9393478,15:38:16,0.6515740741,Aerial,2014_4_14,32
1,2014,4,14,BW,12,61.1884282,-150.9460548,15:41:59,0.6541550926,Aerial,2014_4_14,32
1,2014,4,14,HS,1,61.16234206,-151.0033151,16:02:12,0.6681944444,Aerial,2014_4_14,32
1,2014,4,14,BW,3,60.91221249,-151.6227511,16:41:57,0.6957986111,Aerial,2014_4_14,32
1,2014,4,15,BW,5,61.21073121,-150.6200197,16:35:36,0.6913888889,Aerial,2014_4_15,33
1,2014,4,15,BW,10,61.20020436,-150.3866573,16:18:05,0.6792245370,Aerial,2014_4_15,33
1,2014,4,15,BW,3,60.97241462,-149.8429578,18:05:26,0.7537731481,Aerial,2014_4_15,33
1,2014,4,15,BW,18,60.95390012,-150.2661927,17:51:32,0.7441203704,Aerial,2014_4_15,33
1,2014,4,15,BW,4,60.74431592,-151.3378711,17:21:18,0.7231250000,Aerial,2014_4_15,33
1,2014,4,16,BW,4,61.2643765,-150.0774454,18:14:58,0.7603935185,Aerial,2014_4_16,34
1,2014,4,16,BW,14,61.24106101,-149.944326,14:19:06,0.5965972222,Aerial,2014_4_16,34
1,2014,4,16,BW,26,61.18897866,-150.3755876,14:29:29,0.6038078704,Aerial,2014_4_16,34
1,2014,4,16,BW,12,61.18760186,-150.3956401,15:05:52,0.6290740741,Aerial,2014_4_16,34
1,2014,4,16,BW,1,60.99516355,-150.2215424,16:18:51,0.6797569444,Aerial,2014_4_16,34
1,2014,4,16,BW,14,60.98203776,-150.2884058,15:55:24,0.6634722222,Aerial,2014_4_16,34
1,2014,4,17,BW,1,61.18265555,-150.5806767,15:30:29,0.6461689815,Aerial,2014_4_17,35
1,2014,4,17,BW,16,61.17837013,-150.8874827,15:48:02,0.6583564815,Aerial,2014_4_17,35
1,2014,4,17,BW,,61.04680198,-150.3661819,17:51:48,0.7443055556,Aerial,2014_4_17,35
1,2014,4,17,BW,3,60.96341122,-150.6782206,17:40:21,0.7363541667,Aerial,2014_4_17,35
1,2014,4,17,BW,,60.75253924,-151.3084811,17:19:53,0.7221412037,Aerial,2014_4_17,35
1,2014,4,18,BW,6,60.95776436,-151.5355948,12:58:33,0.5406597222,Aerial,2014_4_18,36
1,2014,4,19,BW,4,61.17360732,-150.8909918,14:31:26,0.6051620370,Aerial,2014_4_19,37
1,2014,4,19,BW,2,60.96421591,-151.5083847,14:50:56,0.6187037037,Aerial,2014_4_19,37
1,2014,4,20,BW,3,61.28158058,-150.5506089,11:29:25,0.4787615741,Aerial,2014_4_20,38
1,2014,4,20,BW,2,61.28113131,-150.5500441,11:33:05,0.4813078704,Aerial,2014_4_20,38
1,2014,4,20,BW,12,61.26065328,-150.6448751,11:39:02,0.4854398148,Aerial,2014_4_20,38
1,2014,4,20,BW,4,61.20338962,-150.9500065,11:51:05,0.4938078704,Aerial,2014_4_20,38
1,2014,4,20,BW,6,61.03165647,-151.188488,12:01:59,0.5013773148,Aerial,2014_4_20,38
1,2014,4,20,BW,18,60.96345639,-150.2418325,13:00:21,0.5419097222,Aerial,2014_4_20,38
1,2014,4,20,BW,8,60.93698379,-150.1391123,13:08:11,0.5473495370,Aerial,2014_4_20,38
1,2014,4,20,BW,8,60.92525637,-150.0455796,13:17:57,0.5541319444,Aerial,2014_4_20,38
1,2014,4,21,BW,6,61.26103138,-150.631131,12:13:39,0.5094791667,Aerial,2014_4_21,39
1,2014,4,21,BW,5,61.22620909,-150.7920293,12:29:24,0.5204166667,Aerial,2014_4_21,39
1,2014,4,21,BW,6,61.19586259,-150.9471544,12:38:13,0.5265393519,Aerial,2014_4_21,39
1,2014,4,21,BW,4,60.99870447,-151.4474987,12:58:48,0.5408333333,Aerial,2014_4_21,39
1,2014,4,21,BW,4,60.97949056,-150.2949483,14:16:05,0.5945023148,Aerial,2014_4_21,39
1,2014,4,21,BW,1,60.94825277,-150.0109112,14:35:28,0.6079629630,Aerial,2014_4_21,39
1,2014,4,21,BW,2,60.93356708,-150.1485973,14:23:43,0.5998032407,Aerial,2014_4_21,39
1,2014,4,21,BW,4,60.78553676,-151.7363058,13:20:14,0.5557175926,Aerial,2014_4_21,39
1,2014,4,21,BW,6,60.77381556,-151.2811489,13:38:29,0.5683912037,Aerial,2014_4_21,39
1,2014,4,22,BW,10,61.22377842,-150.5805881,15:42:02,0.6541898148,Aerial,2014_4_22,40
1,2014,4,22,BW,6,61.21958238,-150.5110159,15:34:16,0.6487962963,Aerial,2014_4_22,40
1,2014,4,22,BW,8,61.2191508,-150.7908752,16:00:12,0.6668055556,Aerial,2014_4_22,40
1,2014,4,22,BW,26,61.19075382,-150.8886987,16:08:19,0.6724421296,Aerial,2014_4_22,40
1,2014,4,23,HS,14,61.26696251,-150.651134,13:14:41,0.5518634259,Aerial,2014_4_23,41
1,2014,4,23,BW,5,61.25819889,-150.6640478,13:08:02,0.5472453704,Aerial,2014_4_23,41
1,2014,4,23,BW,6,61.24220156,-150.5487815,12:55:21,0.5384375000,Aerial,2014_4_23,41
1,2014,4,23,BW,4,61.23099023,-150.7652977,13:23:30,0.5579861111,Aerial,2014_4_23,41
1,2014,4,23,BW,4,60.99040397,-150.2951815,14:51:01,0.6187615741,Aerial,2014_4_23,41
1,2014,4,24,HS,2,61.22602017,-150.7216004,12:50:59,0.5354050926,Aerial,2014_4_24,42
1,2014,4,24,BW,36,61.21923128,-150.3619331,12:19:16,0.5133796296,Aerial,2014_4_24,42
1,2014,4,24,HS,4,61.21849356,-150.6320824,12:49:24,0.5343055556,Aerial,2014_4_24,42
1,2014,4,24,BW,2,61.15574859,-151.0380168,13:05:32,0.5455092593,Aerial,2014_4_24,42
1,2014,4,24,BW,3,61.14846215,-151.0305612,13:00:05,0.5417245370,Aerial,2014_4_24,42
1,2014,4,24,BW,3,61.04610892,-150.3662408,14:48:00,0.6166666667,Aerial,2014_4_24,42
1,2014,4,24,BW,9,60.98993949,-151.4437011,13:18:46,0.5546990741,Aerial,2014_4_24,42
1,2014,4,24,BW,2,60.96107189,-150.2652217,14:59:33,0.6246875000,Aerial,2014_4_24,42
1,2014,4,24,BW,6,60.93880228,-150.2140112,15:04:08,0.6278703704,Aerial,2014_4_24,42
1,2014,4,24,HS,1,60.90906124,-151.7082655,13:38:35,0.5684606481,Aerial,2014_4_24,42
1,2014,4,24,BW,1,60.74285651,-151.3822453,14:15:58,0.5944212963,Aerial,2014_4_24,42
1,2014,4,25,BW,1,61.21153887,-150.8244195,14:08:20,0.5891203704,Aerial,2014_4_25,43
1,2014,4,26,BW,10,61.18332211,-150.6777797,12:31:19,0.5217476852,Aerial,2014_4_26,44
1,2014,4,26,BW,1,61.17865557,-150.7093247,12:22:18,0.5154861111,Aerial,2014_4_26,44
1,2014,4,26,BW,2,61.14657454,-151.0141519,12:53:54,0.5374305556,Aerial,2014_4_26,44
1,2014,4,26,BW,2,61.07296373,-151.1064997,13:01:51,0.5429513889,Aerial,2014_4_26,44
1,2014,4,26,BW,1,60.95488786,-150.7253841,13:58:49,0.5825115741,Aerial,2014_4_26,44
1,2014,4,27,BW,13,61.19324192,-150.3551763,11:54:52,0.4964351852,Aerial,2014_4_27,45
1,2014,4,27,BW,2,61.16738931,-150.9621708,12:26:07,0.5181365741,Aerial,2014_4_27,45
1,2014,4,27,BW,5,61.08638253,-151.0646766,12:35:42,0.5247916667,Aerial,2014_4_27,45
1,2014,4,27,BW,2,61.0062122,-151.3717353,12:47:27,0.5329513889,Aerial,2014_4_27,45
1,2014,4,27,BW,3,60.70117538,-151.6314018,13:10:02,0.5486342593,Aerial,2014_4_27,45
1,2014,4,29,BW,6,61.18490852,-150.8260867,12:29:40,0.5206018519,Aerial,2014_4_29,47
1,2014,4,29,BW,7,61.15834807,-150.976318,12:42:37,0.5295949074,Aerial,2014_4_29,47
1,2014,4,29,BW,6,61.04286955,-151.1661323,12:58:30,0.5406250000,Aerial,2014_4_29,47
1,2014,4,29,BW,3,61.01379959,-150.2639695,14:13:42,0.5928472222,Aerial,2014_4_29,47
1,2014,4,29,BW,4,61.00207255,-150.2680634,14:11:49,0.5915393519,Aerial,2014_4_29,47
1,2014,4,29,BW,3,60.95056459,-150.7590998,13:51:25,0.5773726852,Aerial,2014_4_29,47
1,2014,4,29,Other,1,60.91491104,-150.8480245,13:49:25,0.5759837963,Aerial,2014_4_29,47
1,2014,4,29,BW,1,60.76527912,-151.2864328,13:36:37,0.5670949074,Aerial,2014_4_29,47
1,2014,4,30,BW,3,61.21448563,-149.8471703,13:23:16,0.5578240741,Aerial,2014_4_30,48
1,2014,4,30,BW,3,61.14395494,-151.0313369,12:43:58,0.5305324074,Aerial,2014_4_30,48
1,2014,4,30,BW,1,61.04828702,-151.1493617,12:58:48,0.5408333333,Aerial,2014_4_30,48
1,2014,4,30,BW,4,61.03217683,-151.1749122,13:01:56,0.5430092593,Aerial,2014_4_30,48
1,2014,4,30,BW,5,61.0313505,-150.3893436,13:58:35,0.5823495370,Aerial,2014_4_30,48
1,2014,4,30,BW,1,60.98948497,-150.2978727,14:07:52,0.5887962963,Aerial,2014_4_30,48
1,2014,4,30,BW,3,60.9860352,-150.3038054,14:09:12,0.5897222222,Aerial,2014_4_30,48
1,2014,5,1,BW,8,61.10361833,-151.0948883,12:50:45,0.5352430556,Aerial,2014_5_1,-999
1,2014,5,1,BW,2,61.04948021,-151.167506,13:06:53,0.5464467593,Aerial,2014_5_1,-999
1,2014,5,1,BW,1,61.04707958,-151.1623878,13:00:49,0.5422337963,Aerial,2014_5_1,-999
1,2014,5,1,BW,10,60.98167114,-150.3052278,14:08:45,0.5894097222,Aerial,2014_5_1,-999
1,2014,5,1,BW,12,60.77767522,-151.259767,13:37:54,0.5679861111,Aerial,2014_5_1,-999
1,2014,5,2,BW,20,61.23852395,-150.268587,12:15:27,0.5107291667,Aerial,2014_5_2,49
1,2014,5,2,BW,2,61.17679424,-150.9050599,12:46:15,0.5321180556,Aerial,2014_5_2,49
1,2014,5,2,BW,2,61.17390734,-150.9174905,12:55:41,0.5386689815,Aerial,2014_5_2,49
1,2014,5,2,BW,5,61.06132311,-151.1371946,13:03:47,0.5442939815,Aerial,2014_5_2,49
1,2014,5,2,BW,11,61.02728011,-150.458787,14:13:50,0.5929398148,Aerial,2014_5_2,49
1,2014,5,2,BW,4,61.02483137,-151.2716321,13:11:20,0.5495370370,Aerial,2014_5_2,49
1,2014,5,2,BW,1,60.97886665,-150.2870645,14:27:42,0.6025694444,Aerial,2014_5_2,49
1,2014,5,2,BW,12,60.92886146,-149.6081197,15:15:07,0.6354976852,Aerial,2014_5_2,49
1,2014,5,2,BW,7,60.88274368,-151.6513592,13:26:03,0.5597569444,Aerial,2014_5_2,49
1,2014,5,2,BW,12,60.7746555,-151.2794419,13:46:43,0.5741087963,Aerial,2014_5_2,49
1,2014,5,3,BW,1,61.2391098,-150.2411257,12:25:26,0.5176620370,Aerial,2014_5_3,50
1,2014,5,3,BW,7,61.21900753,-150.5197712,12:34:21,0.5238541667,Aerial,2014_5_3,50
1,2014,5,3,BW,3,61.20641168,-150.8346043,12:41:37,0.5289004630,Aerial,2014_5_3,50
1,2014,5,3,BW,0,61.18582941,-150.939415,12:44:29,0.5308912037,Aerial,2014_5_3,50
1,2014,5,3,BW,4,61.17476931,-150.9892195,12:47:08,0.5327314815,Aerial,2014_5_3,50
1,2014,5,3,BW,10,61.04352186,-151.2027598,12:55:36,0.5386111111,Aerial,2014_5_3,50
1,2014,5,3,BW,1,61.04242371,-150.4346835,13:44:43,0.5727199074,Aerial,2014_5_3,50
1,2014,5,3,BW,22,61.03873404,-150.3839407,13:46:55,0.5742476852,Aerial,2014_5_3,50
1,2014,5,3,BW,5,60.99746969,-151.4272268,13:03:33,0.5441319444,Aerial,2014_5_3,50
1,2014,5,4,BW,1,61.18915024,-150.91926,10:49:31,0.4510532407,Aerial,2014_5_4,51
1,2014,5,4,BW,13,61.0455837,-150.3441298,12:05:29,0.5038078704,Aerial,2014_5_4,51
1,2014,5,4,BW,2,61.03992983,-150.5433404,11:54:45,0.4963541667,Aerial,2014_5_4,51
1,2014,5,4,BW,8,61.00631007,-151.4138109,11:02:46,0.4602546296,Aerial,2014_5_4,51
1,2014,5,4,BW,,61.00187346,-151.4124389,11:06:37,0.4629282407,Aerial,2014_5_4,51
1,2014,5,4,BW,1,60.91999863,-149.3653258,12:43:47,0.5304050926,Aerial,2014_5_4,51
1,2014,5,7,BW,2,61.25915666,-150.6416062,13:31:01,0.5632060185,Aerial,2014_5_7,52
1,2014,5,7,BW,5,61.25566819,-150.645153,13:29:16,0.5619907407,Aerial,2014_5_7,52
1,2014,5,7,BW,1,61.24880735,-150.7109977,13:38:32,0.5684259259,Aerial,2014_5_7,52
1,2014,5,7,BW,1,61.24865806,-150.665811,13:37:55,0.5679976852,Aerial,2014_5_7,52
1,2014,5,7,BW,5,61.24056632,-150.729973,13:39:03,0.5687847222,Aerial,2014_5_7,52
1,2014,5,7,BW,1,61.22645847,-150.7737785,13:44:11,0.5723495370,Aerial,2014_5_7,52
1,2014,5,7,BW,4,60.98758039,-151.5045728,14:07:01,0.5882060185,Aerial,2014_5_7,52
1,2014,5,7,Dall's Porpoise,1,60.76953852,-151.2615534,14:52:37,0.6198726852,Aerial,2014_5_7,52
1,2014,5,7,Pacific White--sided Dolphin,3,60.71888504,-151.4116876,14:41:22,0.6120601852,Aerial,2014_5_7,52
1,2014,5,8,HS,50,61.27454628,-150.6723821,15:30:20,0.6460648148,Aerial,2014_5_8,53
1,2014,5,8,HS,1,61.26512258,-150.6371938,15:37:25,0.6509837963,Aerial,2014_5_8,53
1,2014,5,8,BW,14,61.24103303,-150.7383851,15:39:17,0.6522800926,Aerial,2014_5_8,53
1,2014,5,8,BW,8,60.73577262,-151.3982936,17:39:16,0.7356018519,Aerial,2014_5_8,53
1,2014,5,9,HS,30,61.27956203,-150.6547899,16:54:50,0.7047453704,Aerial,2014_5_9,54
1,2014,5,9,BW,16,61.26932526,-150.5624118,17:05:13,0.7119560185,Aerial,2014_5_9,54
1,2014,5,9,HS,140,61.2672331,-150.6784583,16:54:51,0.7047569444,Aerial,2014_5_9,54
1,2014,5,9,HS,3,61.24983744,-150.1399648,17:37:44,0.7345370370,Aerial,2014_5_9,54
1,2014,5,9,BW,4,61.24865693,-150.6063025,17:15:10,0.7188657407,Aerial,2014_5_9,54
1,2014,5,9,BW,16,61.24857374,-150.6036912,17:13:20,0.7175925926,Aerial,2014_5_9,54
1,2014,5,9,BW,35,61.24308089,-150.625027,17:17:12,0.7202777778,Aerial,2014_5_9,54
1,2014,5,9,BW,45,61.22954418,-150.2973421,17:30:14,0.7293287037,Aerial,2014_5_9,54
1,2014,5,10,HS,2,61.25157385,-150.6849811,14:20:21,0.5974652778,Aerial,2014_5_10,55
1,2014,5,10,HS,8,61.25133363,-150.6618177,14:20:46,0.5977546296,Aerial,2014_5_10,55
1,2014,5,10,HS,8,61.25002555,-150.6494798,14:24:19,0.6002199074,Aerial,2014_5_10,55
1,2014,5,10,HS,3,61.2454552,-150.5213359,14:26:38,0.6018287037,Aerial,2014_5_10,55
1,2014,5,10,HS,2,61.24530868,-150.663709,14:23:46,0.5998379630,Aerial,2014_5_10,55
1,2014,5,10,HS,28,61.18949356,-150.9563233,14:09:00,0.5895833333,Aerial,2014_5_10,55
1,2014,5,10,HS,1,61.02051606,-150.3259253,11:30:24,0.4794444444,Aerial,2014_5_10,55
1,2014,5,10,HS,1,60.99763451,-150.2028234,11:27:40,0.4775462963,Aerial,2014_5_10,55
1,2014,5,10,HS,1,60.01155376,-151.7204509,12:34:30,0.5239583333,Aerial,2014_5_10,55
1,2014,5,11,HS,1,61.16661647,-150.9072267,12:41:51,0.5290625000,Aerial,2014_5_11,56
1,2014,5,11,HS,1,61.16611476,-150.9121556,12:42:54,0.5297916667,Aerial,2014_5_11,56
1,2014,5,11,HS,2,60.89144191,-151.65162,12:11:45,0.5081597222,Aerial,2014_5_11,56
1,2014,5,11,SO,7,60.18288444,-151.5022666,11:27:31,0.4774421296,Aerial,2014_5_11,56
1,2014,5,14,HS,14,61.19665962,-150.5657169,14:47:05,0.6160300926,Aerial,2014_5_14,57
1,2014,5,14,HS,50,61.18648428,-150.5488344,14:47:29,0.6163078704,Aerial,2014_5_14,57
1,2014,5,14,HS,22,61.18331695,-150.5747298,14:48:20,0.6168981481,Aerial,2014_5_14,57
1,2014,5,14,HS,35,61.18251984,-150.5015217,15:02:33,0.6267708333,Aerial,2014_5_14,57
1,2014,5,14,BW,45,61.18089121,-150.7291082,14:55:14,0.6216898148,Aerial,2014_5_14,57
1,2014,5,14,BW,1,61.04448008,-150.3666255,12:34:49,0.5241782407,Aerial,2014_5_14,57
2,2014,5,15,HS,75,61.29294615,-150.6565274,12:20:56,0.5145370370,Aerial,2014_5_15,58
2,2014,5,15,HS,55,61.2748064,-150.6621508,12:16:39,0.5115625000,Aerial,2014_5_15,58
2,2014,5,15,HS,60,61.26598702,-150.6431956,12:16:11,0.5112384259,Aerial,2014_5_15,58
2,2014,5,15,HS,50,61.19917794,-150.5601204,12:29:40,0.5206018519,Aerial,2014_5_15,58
2,2014,5,15,BW,25,61.19449344,-150.759846,12:54:17,0.5376967593,Aerial,2014_5_15,58
2,2014,5,15,HS,45,61.18523055,-150.5516088,12:40:17,0.5279745370,Aerial,2014_5_15,58
2,2014,5,15,BW,45,61.18507028,-150.5947723,12:35:00,0.5243055556,Aerial,2014_5_15,58
2,2014,5,15,BW,25,61.17958395,-150.8254978,12:59:18,0.5411805556,Aerial,2014_5_15,58
2,2014,5,15,BW,17,61.16983089,-150.5212004,12:42:07,0.5292476852,Aerial,2014_5_15,58
2,2014,5,15,SO,1,60.05906588,-151.6625022,14:16:58,0.5951157407,Aerial,2014_5_15,58
2,2014,5,16,HS,65,61.27832548,-150.6655917,12:09:23,0.5065162037,Aerial,2014_5_16,59
2,2014,5,16,HS,20,61.27520529,-150.6379547,12:11:45,0.5081597222,Aerial,2014_5_16,59
2,2014,5,16,HS,30,61.27503843,-150.6439906,12:10:58,0.5076157407,Aerial,2014_5_16,59
2,2014,5,16,BW,21,61.18697699,-150.7796429,12:25:06,0.5174305556,Aerial,2014_5_16,59
2,2014,5,16,BW,39,61.18412022,-150.8572921,12:31:23,0.5217939815,Aerial,2014_5_16,59
2,2014,5,16,BW,17,61.17953815,-150.8622066,12:42:11,0.5292939815,Aerial,2014_5_16,59
2,2014,5,16,BW,3,61.17771824,-150.9167261,12:38:51,0.5269791667,Aerial,2014_5_16,59
2,2014,5,16,BW,8,61.17701534,-150.8975795,12:36:54,0.5256250000,Aerial,2014_5_16,59
2,2014,5,16,BW,19,61.04564548,-150.3976261,14:46:08,0.6153703704,Aerial,2014_5_16,59
2,2014,5,17,HS,10,61.35220274,-150.6244559,12:32:09,0.5223263889,Aerial,2014_5_17,60
2,2014,5,17,HS,45,61.29318688,-150.551898,12:36:54,0.5256250000,Aerial,2014_5_17,60
2,2014,5,17,HS,60,61.28966178,-150.6651929,12:29:47,0.5206828704,Aerial,2014_5_17,60
2,2014,5,17,HS,30,61.28005888,-150.669489,12:29:24,0.5204166667,Aerial,2014_5_17,60
2,2014,5,17,HS,25,61.27791673,-150.6399761,12:21:34,0.5149768519,Aerial,2014_5_17,60
2,2014,5,17,HS,4,61.27602301,-150.6828282,12:21:04,0.5146296296,Aerial,2014_5_17,60
2,2014,5,17,HS,1,61.02201594,-150.3172683,13:49:50,0.5762731481,Aerial,2014_5_17,60
2,2014,5,17,HS,18,60.89689349,-151.6804506,13:10:53,0.5492245370,Aerial,2014_5_17,60
2,2014,5,20,HS,80,61.27755101,-150.6447726,15:58:50,0.6658564815,Aerial,2014_5_20,61
2,2014,5,20,HS,110,61.20053515,-150.5609667,16:03:24,0.6690277778,Aerial,2014_5_20,61
2,2014,5,20,HS,20,60.89279108,-151.651013,15:28:40,0.6449074074,Aerial,2014_5_20,61
2,2014,5,21,BW,1,61.26920789,-150.2847677,12:23:30,0.5163194444,Aerial,2014_5_21,62
2,2014,5,21,BW,150,61.2500929,-150.5507666,12:39:36,0.5275000000,Aerial,2014_5_21,62
2,2014,5,21,BW,3,61.23575717,-150.5047719,12:31:32,0.5218981481,Aerial,2014_5_21,62
2,2014,5,21,HS,40,61.23297968,-150.7968177,12:52:46,0.5366435185,Aerial,2014_5_21,62
2,2014,5,21,HS,2,61.23234072,-150.5064774,12:38:32,0.5267592593,Aerial,2014_5_21,62
2,2014,5,21,HS,35,61.22288808,-150.8297147,12:53:27,0.5371180556,Aerial,2014_5_21,62
2,2014,5,21,HS,1,61.03343902,-150.3495868,14:35:38,0.6080787037,Aerial,2014_5_21,62
2,2014,5,21,BW,25,60.96417669,-150.2785195,14:41:01,0.6118171296,Aerial,2014_5_21,62
2,2014,5,22,BW,60,61.25158481,-150.546188,12:29:09,0.5202430556,Aerial,2014_5_22,63
2,2014,5,22,BW,90,60.99976209,-150.3248109,14:58:10,0.6237268519,Aerial,2014_5_22,63
2,2014,5,22,SO,1,60.05179648,-151.6719828,13:57:45,0.5817708333,Aerial,2014_5_22,63
2,2014,5,23,BW,16,61.21691277,-150.381061,12:24:46,0.5171990741,Aerial,2014_5_23,64
2,2014,5,23,BW,80,60.92568635,-150.1451122,15:02:37,0.6268171296,Aerial,2014_5_23,64
2,2014,5,23,HS,1,60.59630942,-151.3429701,13:32:29,0.5642245370,Aerial,2014_5_23,64
2,2014,5,23,HS,1,60.32141907,-151.3859423,13:47:21,0.5745486111,Aerial,2014_5_23,64
2,2014,5,25,BW,63,61.22795994,-150.2666997,11:56:03,0.4972569444,Aerial,2014_5_25,66
2,2014,5,25,HS,120,61.19482222,-150.3342652,12:03:08,0.5021759259,Aerial,2014_5_25,66
2,2014,5,25,HS,20,61.19193459,-150.5417432,12:17:43,0.5123032407,Aerial,2014_5_25,66
2,2014,5,25,HS,40,61.18063791,-150.546928,12:07:53,0.5054745370,Aerial,2014_5_25,66
2,2014,5,25,HS,2,61.17733221,-150.8979346,12:30:13,0.5209837963,Aerial,2014_5_25,66
2,2014,5,26,BW,70,61.23533891,-150.2756232,12:01:41,0.5011689815,Aerial,2014_5_26,67
2,2014,5,26,HS,60,61.18503783,-150.4517303,12:11:55,0.5082754630,Aerial,2014_5_26,67
2,2014,5,26,HS,30,61.18461944,-150.5903011,12:29:34,0.5205324074,Aerial,2014_5_26,67
2,2014,5,26,HS,120,61.18281403,-150.5232726,12:13:04,0.5090740741,Aerial,2014_5_26,67
2,2014,5,26,BW,10,61.17849057,-150.5465757,12:13:30,0.5093750000,Aerial,2014_5_26,67
2,2014,5,27,BW,50,60.99243197,-150.305314,13:06:57,0.5464930556,Aerial,2014_5_27,68
2,2014,5,27,BW,18,60.97910704,-150.2987473,15:04:20,0.6280092593,Aerial,2014_5_27,68
2,2014,5,27,SO,2,60.12906107,-151.5485646,14:01:06,0.5840972222,Aerial,2014_5_27,68
2,2014,5,28,BW,24,60.97772786,-150.2966557,15:55:05,0.6632523148,Aerial,2014_5_28,69
2,2014,5,28,BW,13,60.97413663,-150.2555186,15:59:54,0.6665972222,Aerial,2014_5_28,69
2,2014,5,29,BW,9,61.00148814,-150.3064754,14:05:25,0.5870949074,Aerial,2014_5_29,70
2,2014,5,29,BW,11,60.97228051,-150.2885169,12:15:31,0.5107754630,Aerial,2014_5_29,70
2,2014,5,30,BW,13,61.23693609,-150.2642719,15:07:29,0.6301967593,Aerial,2014_5_30,71
2,2014,5,30,BW,75,61.22627141,-150.2847108,15:06:43,0.6296643519,Aerial,2014_5_30,71
2,2014,5,30,HS,28,61.2039438,-150.5407197,14:43:36,0.6136111111,Aerial,2014_5_30,71
2,2014,5,30,BW,90,61.20035553,-150.329217,15:02:47,0.6269328704,Aerial,2014_5_30,71
2,2014,5,30,HS,50,61.194154,-150.5397598,14:42:26,0.6128009259,Aerial,2014_5_30,71
2,2014,5,30,HS,9,61.18556608,-150.3989034,14:59:59,0.6249884259,Aerial,2014_5_30,71
2,2014,5,30,HS,400,61.18278627,-150.5161144,14:55:13,0.6216782407,Aerial,2014_5_30,71
2,2014,5,30,HS,45,61.1821288,-150.5043189,14:55:47,0.6220717593,Aerial,2014_5_30,71
2,2014,6,1,BW,55,61.25088716,-150.3032124,12:51:06,0.5354861111,Aerial,2014_6_1,72
2,2014,6,1,HS,55,61.21610743,-150.8316377,13:15:25,0.5523726852,Aerial,2014_6_1,72
2,2014,6,1,BW,15,60.96431216,-150.2770015,12:13:49,0.5095949074,Aerial,2014_6_1,72
2,2014,6,1,Unid Dolphin or Porpoise,3,60.92439319,-150.0853658,12:08:18,0.5057638889,Aerial,2014_6_1,72
2,2014,6,2,BW,9,61.256226,-150.2998265,14:52:24,0.6197222222,Aerial,2014_6_2,73
2,2014,6,2,HS,3,61.17612361,-150.9190302,14:29:27,0.6037847222,Aerial,2014_6_2,73
2,2014,6,2,BW,18,60.93948998,-150.1966021,12:10:35,0.5073495370,Aerial,2014_6_2,73
2,2014,6,2,Dall's Porpoise,3,60.92314802,-150.1053851,12:06:27,0.5044791667,Aerial,2014_6_2,73
2,2014,6,2,HS,2,60.52683647,-151.2794878,12:56:25,0.5391782407,Aerial,2014_6_2,73
2,2014,6,2,HP,1,60.36074844,-151.3936432,13:35:01,0.5659837963,Aerial,2014_6_2,73
2,2014,6,2,SO,2,60.12853407,-151.5637947,13:12:43,0.5504976852,Aerial,2014_6_2,73
2,2014,6,3,HS,8,61.24361698,-150.2487604,15:34:54,0.6492361111,Aerial,2014_6_3,74
2,2014,6,3,HS,25,61.22956771,-150.7798349,15:03:25,0.6273726852,Aerial,2014_6_3,74
2,2014,6,3,HS,45,61.22619847,-150.779018,15:03:17,0.6272800926,Aerial,2014_6_3,74
2,2014,6,3,HS,57,61.2159024,-150.5198259,15:12:36,0.6337500000,Aerial,2014_6_3,74
2,2014,6,3,HS,,61.21071208,-150.8020633,15:00:07,0.6250810185,Aerial,2014_6_3,74
2,2014,6,3,BW,100,61.20887371,-150.3099051,15:26:50,0.6436342593,Aerial,2014_6_3,74
2,2014,6,3,BW,25,60.94032235,-150.2186435,12:42:47,0.5297106481,Aerial,2014_6_3,74
2,2014,6,3,BW,10,60.91772758,-150.0775485,12:35:28,0.5246296296,Aerial,2014_6_3,74
2,2014,6,3,HS,4,60.91678338,-150.0892782,12:35:58,0.5249768519,Aerial,2014_6_3,74
2,2014,6,3,HS,45,60.8933688,-151.6498911,14:33:07,0.6063310185,Aerial,2014_6_3,74
2,2014,6,4,HS,35,61.23539691,-150.8111231,14:10:35,0.5906828704,Aerial,2014_6_4,75
2,2014,6,4,HS,3,61.22860779,-150.5565637,14:16:05,0.5945023148,Aerial,2014_6_4,75
2,2014,6,4,HS,90,61.21785249,-150.8258306,14:09:36,0.5900000000,Aerial,2014_6_4,75
2,2014,6,4,BW,6,60.97473816,-150.2816041,12:13:19,0.5092476852,Aerial,2014_6_4,75
2,2014,6,4,BW,5,60.95802056,-150.2599342,12:08:20,0.5057870370,Aerial,2014_6_4,75
2,2014,6,4,HS,45,60.91777904,-150.1234883,12:05:24,0.5037500000,Aerial,2014_6_4,75
2,2014,6,4,BW,6,60.91128364,-150.0499093,12:01:04,0.5007407407,Aerial,2014_6_4,75
2,2014,6,4,HS,3,60.89633348,-151.6655035,13:49:09,0.5757986111,Aerial,2014_6_4,75
2,2014,6,4,HS,1,60.88283708,-151.700088,13:50:00,0.5763888889,Aerial,2014_6_4,75
2,2014,6,4,HS,1,60.55525087,-151.292703,12:46:56,0.5325925926,Aerial,2014_6_4,75
2,2014,6,4,SO,1,60.13092118,-151.5503948,13:03:29,0.5440856481,Aerial,2014_6_4,75
2,2014,6,4,SO,1,60.09626883,-151.6208431,13:08:05,0.5472800926,Aerial,2014_6_4,75
2,2014,6,5,BW,28,61.25587541,-150.5847531,13:27:10,0.5605324074,Aerial,2014_6_5,76
2,2014,6,5,HS,80,61.23034618,-150.8007994,13:18:08,0.5542592593,Aerial,2014_6_5,76
2,2014,6,5,HS,155,61.22124231,-150.8263593,13:16:03,0.5528125000,Aerial,2014_6_5,76
2,2014,6,5,BW,42,60.9660444,-150.2235039,10:54:26,0.4544675926,Aerial,2014_6_5,76
2,2014,6,5,BW,7,60.93726347,-150.1241285,10:48:18,0.4502083333,Aerial,2014_6_5,76
2,2014,6,5,HS,34,60.90464845,-151.6790364,12:52:01,0.5361226852,Aerial,2014_6_5,76
2,2014,6,6,HS,210,61.21817108,-150.8270836,14:43:19,0.6134143519,Aerial,2014_6_6,77
2,2014,6,6,BW,9,60.9185239,-150.0691335,12:18:04,0.5125462963,Aerial,2014_6_6,77
2,2014,6,6,HS,1,60.90544978,-151.6954247,14:15:17,0.5939467593,Aerial,2014_6_6,77
2,2014,6,6,HS,1,60.89986919,-151.67811,14:16:15,0.5946180556,Aerial,2014_6_6,77
2,2014,6,6,HS,2,60.88823557,-151.722003,14:12:10,0.5917824074,Aerial,2014_6_6,77
2,2014,6,6,HS,1,60.82933186,-151.7884106,14:07:56,0.5888425926,Aerial,2014_6_6,77
2,2014,6,6,SO,1,60.19449187,-151.4552103,13:36:07,0.5667476852,Aerial,2014_6_6,77
2,2014,6,6,SO,1,60.16208007,-151.4981632,13:13:19,0.5509143519,Aerial,2014_6_6,77
2,2014,6,6,SO,1,60.06594451,-151.6555598,13:27:20,0.5606481481,Aerial,2014_6_6,77
2,2014,6,7,BW,3,61.22929674,-150.7187499,12:27:11,0.5188773148,Aerial,2014_6_7,78
2,2014,6,7,BW,6,61.19769158,-150.9285826,12:34:19,0.5238310185,Aerial,2014_6_7,78
2,2014,6,7,BW,3,60.91006509,-150.0644923,14:54:55,0.6214699074,Aerial,2014_6_7,78
2,2014,6,7,HS,5,60.90750871,-151.7014261,12:57:47,0.5401273148,Aerial,2014_6_7,78
2,2014,6,7,BW,5,60.90490375,-150.0201295,14:59:01,0.6243171296,Aerial,2014_6_7,78
2,2014,6,7,BW,4,60.89771816,-150.0196892,14:59:47,0.6248495370,Aerial,2014_6_7,78
2,2014,6,8,HS,20,61.22200972,-150.8259403,14:46:14,0.6154398148,Aerial,2014_6_8,79
2,2014,6,8,BW,1,61.03202617,-150.3428782,12:38:54,0.5270138889,Aerial,2014_6_8,79
2,2014,6,8,BW,15,60.96337697,-150.2324841,12:30:17,0.5210300926,Aerial,2014_6_8,79
2,2014,6,8,BW,4,60.95541516,-149.9623981,12:19:09,0.5132986111,Aerial,2014_6_8,79
2,2014,6,8,HS,80,60.90305996,-151.6824662,14:22:03,0.5986458333,Aerial,2014_6_8,79
2,2014,6,9,HS,50,61.27110088,-150.5380182,15:45:45,0.6567708333,Aerial,2014_6_9,80
2,2014,6,9,HS,35,61.22033985,-150.8249782,15:40:09,0.6528819444,Aerial,2014_6_9,80
2,2014,6,9,BW,17,60.96684758,-150.2844825,13:27:14,0.5605787037,Aerial,2014_6_9,80
2,2014,6,9,BW,4,60.95429167,-149.9297097,13:16:52,0.5533796296,Aerial,2014_6_9,80
2,2014,6,9,HS,1,60.25863955,-151.3954806,14:26:38,0.6018287037,Aerial,2014_6_9,80
2,2014,6,10,HS,2,61.25940333,-150.6699731,16:15:08,0.6771759259,Aerial,2014_6_10,81
2,2014,6,10,BW,7,61.03839836,-150.3622886,13:55:41,0.5803356481,Aerial,2014_6_10,81
2,2014,6,10,BW,10,60.97689025,-150.2928724,13:41:41,0.5706134259,Aerial,2014_6_10,81
2,2014,6,10,HS,8,60.97124026,-150.1034541,13:28:55,0.5617476852,Aerial,2014_6_10,81
2,2014,6,10,BW,23,60.9628538,-150.1900414,13:35:09,0.5660763889,Aerial,2014_6_10,81
2,2014,6,11,HS,33,61.20276,-150.5626,14:55:29,0.6218634259,Aerial,2014_6_11,82
2,2014,6,11,HS,18,61.20828485,-150.5483637,15:01:12,0.6258333333,Aerial,2014_6_11,82
2,2014,6,11,BW,45,61.20301595,-150.558052,14:55:03,0.6215625000,Aerial,2014_6_11,82
2,2014,6,11,HS,35,61.18552784,-150.4342094,15:07:04,0.6299074074,Aerial,2014_6_11,82
2,2014,6,11,BW,32,60.99353297,-150.3034286,12:38:43,0.5268865741,Aerial,2014_6_11,82
2,2014,6,11,HS,18,60.97528018,-150.0737983,12:34:34,0.5240046296,Aerial,2014_6_11,82
2,2014,6,11,HS,20,60.95977276,-149.9911505,12:32:50,0.5228009259,Aerial,2014_6_11,82
2,2014,6,11,BW,8,60.95577319,-149.9299603,12:25:32,0.5177314815,Aerial,2014_6_11,82
2,2014,6,11,HS,1,60.9538499,-149.9252025,12:31:07,0.5216087963,Aerial,2014_6_11,82
2,2014,6,11,SO,2,60.06412397,-151.6607778,13:45:41,0.5733912037,Aerial,2014_6_11,82
2,2014,6,11,SO,1,60.05678403,-151.6960696,13:48:25,0.5752893519,Aerial,2014_6_11,82
2,2014,6,12,BW,7,61.1856477,-150.9284588,15:45:54,0.6568750000,Aerial,2014_6_12,83
2,2014,6,12,BW,5,61.18518986,-150.9451537,15:57:08,0.6646759259,Aerial,2014_6_12,83
2,2014,6,12,BW,3,61.17072323,-150.9830098,15:38:54,0.6520138889,Aerial,2014_6_12,83
2,2014,6,12,BW,21,60.98700691,-150.3089188,13:30:35,0.5629050926,Aerial,2014_6_12,83
2,2014,6,12,HS,3,60.9780594,-150.0978256,13:26:46,0.5602546296,Aerial,2014_6_12,83
2,2014,6,12,HS,7,60.97327448,-150.0632052,13:26:09,0.5598263889,Aerial,2014_6_12,83
2,2014,6,12,HS,20,60.97068361,-150.0499302,13:25:50,0.5596064815,Aerial,2014_6_12,83
2,2014,6,12,SO,1,60.14383729,-151.5265652,14:27:44,0.6025925926,Aerial,2014_6_12,83
2,2014,6,12,SO,1,60.08479686,-151.6306123,14:33:22,0.6065046296,Aerial,2014_6_12,83
2,2014,6,12,SO,1,60.04065309,-151.6976575,14:35:43,0.6081365741,Aerial,2014_6_12,83
2,2014,6,13,BW,20,60.97537,-150.12471,13:23:55,0.5582754630,Aerial,2014_6_13,84
2,2014,6,13,HS,3,61.21129845,-150.7462315,16:03:33,0.6691319444,Aerial,2014_6_13,84
2,2014,6,13,BW,20,61.2097892,-150.7462034,16:00:47,0.6672106481,Aerial,2014_6_13,84
2,2014,6,13,HS,110,61.20042643,-150.5634565,15:57:08,0.6646759259,Aerial,2014_6_13,84
2,2014,6,13,HS,150,61.18361803,-150.5096781,16:09:22,0.6731712963,Aerial,2014_6_13,84
2,2014,6,13,BW,31,61.16861028,-150.9021,15:39:42,0.6525694444,Aerial,2014_6_13,84
2,2014,6,13,BW,1,60.98532389,-150.2935869,13:32:40,0.5643518519,Aerial,2014_6_13,84
2,2014,6,13,HS,26,60.95834821,-149.985949,13:21:23,0.5565162037,Aerial,2014_6_13,84
2,2014,6,14,HS,110,61.20371463,-150.546525,15:10:02,0.6319675926,Aerial,2014_6_14,85
2,2014,6,14,HS,12,61.19984588,-150.5382765,15:09:59,0.6319328704,Aerial,2014_6_14,85
2,2014,6,14,HS,90,61.19960302,-150.5645458,15:10:36,0.6323611111,Aerial,2014_6_14,85
2,2014,6,14,BW,16,61.19181466,-150.8307174,14:49:49,0.6179282407,Aerial,2014_6_14,85
2,2014,6,14,BW,4,61.19155217,-150.7174241,14:58:12,0.6237500000,Aerial,2014_6_14,85
2,2014,6,14,HS,9,61.19106992,-150.5454834,15:08:50,0.6311342593,Aerial,2014_6_14,85
2,2014,6,14,BW,3,61.18834388,-150.692614,15:00:29,0.6253356481,Aerial,2014_6_14,85
2,2014,6,14,HS,13,61.18796923,-150.5441982,15:08:10,0.6306712963,Aerial,2014_6_14,85
2,2014,6,14,BW,4,61.18355672,-150.6691753,15:02:53,0.6270023148,Aerial,2014_6_14,85
2,2014,6,14,HS,100,61.18110261,-150.5388033,15:07:12,0.6300000000,Aerial,2014_6_14,85
2,2014,6,14,BW,2,61.16984605,-150.9226821,14:45:01,0.6145949074,Aerial,2014_6_14,85
2,2014,6,14,BW,7,61.16566348,-150.9282933,14:44:02,0.6139120370,Aerial,2014_6_14,85
2,2014,6,14,BW,6,61.11323192,-151.0753255,14:32:15,0.6057291667,Aerial,2014_6_14,85
2,2014,6,14,HS,7,60.97504017,-150.284162,12:33:38,0.5233564815,Aerial,2014_6_14,85
2,2014,6,14,BW,3,60.97134999,-150.2851952,12:39:35,0.5274884259,Aerial,2014_6_14,85
2,2014,6,14,BW,6,60.96761844,-150.2880323,12:33:05,0.5229745370,Aerial,2014_6_14,85
2,2014,6,14,BW,6,60.95492102,-150.1085175,12:20:16,0.5140740741,Aerial,2014_6_14,85
2,2014,6,16,HS,45,61.23330251,-150.7913079,12:38:59,0.5270717593,Aerial,2014_6_16,86
2,2014,6,16,HS,180,61.22255039,-150.8364134,12:37:31,0.5260532407,Aerial,2014_6_16,86
2,2014,6,16,BW,3,60.92255893,-149.9925225,10:19:03,0.4298958333,Aerial,2014_6_16,86
2,2014,6,16,BW,6,60.92235767,-150.1932312,10:29:29,0.4371412037,Aerial,2014_6_16,86
2,2014,6,16,BW,13,60.91253132,-150.062161,10:24:43,0.4338310185,Aerial,2014_6_16,86
2,2014,6,17,BW,5,61.23262612,-150.7845298,12:33:45,0.5234375000,Aerial,2014_6_17,87
2,2014,6,17,HS,60,61.23174858,-150.7967916,12:34:29,0.5239467593,Aerial,2014_6_17,87
2,2014,6,17,HS,130,61.22186526,-150.832967,12:37:34,0.5260879630,Aerial,2014_6_17,87
2,2014,6,17,BW,5,61.2180484,-150.8343903,12:37:01,0.5257060185,Aerial,2014_6_17,87
2,2014,6,17,BW,10,61.20171601,-150.9430349,12:51:45,0.5359375000,Aerial,2014_6_17,87
2,2014,6,17,BW,8,61.20001013,-150.8565871,12:41:26,0.5287731481,Aerial,2014_6_17,87
2,2014,6,17,BW,14,61.19505636,-150.900518,12:46:40,0.5324074074,Aerial,2014_6_17,87
2,2014,6,17,BW,12,61.04794692,-151.1546526,13:03:14,0.5439120370,Aerial,2014_6_17,87
2,2014,6,18,HS,8,61.23373499,-150.8021467,15:02:59,0.6270717593,Aerial,2014_6_18,88
2,2014,6,18,BW,12,61.23369957,-150.732543,15:03:53,0.6276967593,Aerial,2014_6_18,88
2,2014,6,18,HS,25,61.22307847,-150.8148673,14:58:06,0.6236805556,Aerial,2014_6_18,88
2,2014,6,18,HS,120,61.22185599,-150.8338617,14:59:03,0.6243402778,Aerial,2014_6_18,88
2,2014,6,18,BW,15,61.21820227,-150.8137926,14:56:53,0.6228356481,Aerial,2014_6_18,88
2,2014,6,18,BW,25,61.19507849,-150.9256879,14:49:00,0.6173611111,Aerial,2014_6_18,88
2,2014,6,18,BW,17,61.03898355,-150.39876,12:47:15,0.5328125000,Aerial,2014_6_18,88
2,2014,6,18,BW,16,60.96608741,-150.2870309,12:39:47,0.5276273148,Aerial,2014_6_18,88
2,2014,6,18,HS,18,60.93480946,-149.9311166,12:25:37,0.5177893519,Aerial,2014_6_18,88
2,2014,6,18,HS,22,60.92332085,-149.9904751,12:26:50,0.5186342593,Aerial,2014_6_18,88
2,2014,6,18,BW,8,60.9126284,-150.0568601,12:28:09,0.5195486111,Aerial,2014_6_18,88
2,2014,6,18,HS,28,60.9106251,-150.0813736,12:34:17,0.5238078704,Aerial,2014_6_18,88
2,2014,6,19,BW,9,61.27446,-150.6780683,12:29:51,0.5207291667,Aerial,2014_6_19,89
2,2014,6,19,BW,30,61.2634134,-150.6755951,12:32:01,0.5222337963,Aerial,2014_6_19,89
2,2014,6,19,BW,13,61.24779549,-150.714444,12:33:22,0.5231712963,Aerial,2014_6_19,89
2,2014,6,19,HS,2,61.24488509,-150.1061368,12:19:36,0.5136111111,Aerial,2014_6_19,89
2,2014,6,19,BW,3,61.2393883,-150.7323012,12:41:48,0.5290277778,Aerial,2014_6_19,89
2,2014,6,19,HS,85,61.21923177,-150.824126,12:50:37,0.5351504630,Aerial,2014_6_19,89
2,2014,6,19,BW,25,61.19516363,-150.9336527,12:53:05,0.5368634259,Aerial,2014_6_19,89
2,2014,6,19,BW,2,61.17527252,-150.9891612,13:02:42,0.5435416667,Aerial,2014_6_19,89
2,2014,6,19,BW,12,60.95892989,-150.2774795,15:07:16,0.6300462963,Aerial,2014_6_19,89
2,2014,6,19,HS,2,60.93025667,-150.063695,15:18:00,0.6375000000,Aerial,2014_6_19,89
2,2014,6,20,BW,7,61.28835538,-150.5747703,13:53:42,0.5789583333,Aerial,2014_6_20,90
2,2014,6,20,BW,9,61.2801721,-150.5546714,13:51:25,0.5773726852,Aerial,2014_6_20,90
2,2014,6,20,BW,5,61.27965787,-150.5996979,13:46:51,0.5742013889,Aerial,2014_6_20,90
2,2014,6,20,BW,6,61.2744577,-150.6639464,13:30:16,0.5626851852,Aerial,2014_6_20,90
2,2014,6,20,BW,6,61.27250242,-150.6016395,13:46:29,0.5739467593,Aerial,2014_6_20,90
2,2014,6,20,BW,1,61.27102017,-150.681752,13:29:42,0.5622916667,Aerial,2014_6_20,90
2,2014,6,20,BW,50,61.25900975,-150.6481848,13:31:56,0.5638425926,Aerial,2014_6_20,90
2,2014,6,20,BW,13,61.24483282,-150.7477058,13:26:32,0.5600925926,Aerial,2014_6_20,90
2,2014,6,20,HS,110,61.22324229,-150.8293865,13:23:13,0.5577893519,Aerial,2014_6_20,90
2,2014,6,20,BW,4,61.18811929,-150.9441565,13:14:37,0.5518171296,Aerial,2014_6_20,90
2,2014,6,20,BW,13,61.17666375,-151.0115418,13:08:44,0.5477314815,Aerial,2014_6_20,90
2,2014,6,20,BW,5,60.96085041,-149.9247407,10:36:01,0.4416782407,Aerial,2014_6_20,90
2,2014,6,20,BW,10,60.95400776,-150.2235055,10:57:22,0.4565046296,Aerial,2014_6_20,90
2,2014,6,20,BW,16,60.95011672,-150.2463357,10:50:26,0.4516898148,Aerial,2014_6_20,90
2,2014,6,20,BW,5,60.94926427,-149.9308985,10:27:23,0.4356828704,Aerial,2014_6_20,90
2,2014,6,20,BW,12,60.19160843,-151.481898,13:00:13,0.5418171296,Aerial,2014_6_20,90
2,2014,6,21,BW,1,61.04264022,-150.3769296,13:39:33,0.5691319444,Aerial,2014_6_21,91
2,2014,6,21,BW,1,60.96896245,-150.2829661,13:34:32,0.5656481481,Aerial,2014_6_21,91
2,2014,6,21,BW,2,60.91843911,-150.0583899,13:26:47,0.5602662037,Aerial,2014_6_21,91
2,2014,6,21,BW,1,60.91543751,-150.0656414,15:35:21,0.6495486111,Aerial,2014_6_21,91
2,2014,6,21,HS,18,60.91368779,-150.048329,15:35:43,0.6498032407,Aerial,2014_6_21,91
2,2014,6,21,HS,2,60.91125702,-150.0744272,15:38:52,0.6519907407,Aerial,2014_6_21,91
2,2014,6,21,BW,1,60.91070711,-150.0579337,13:26:22,0.5599768519,Aerial,2014_6_21,91
2,2014,6,21,HS,1,60.88327987,-150.8834436,15:13:29,0.6343634259,Aerial,2014_6_21,91
2,2014,6,21,HS,1,60.10954908,-151.5914523,14:32:25,0.6058449074,Aerial,2014_6_21,91
2,2014,6,22,BW,4,61.24387299,-150.7380933,14:41:29,0.6121412037,Aerial,2014_6_22,91
2,2014,6,22,BW,1,61.23508039,-150.7381868,14:43:56,0.6138425926,Aerial,2014_6_22,91
2,2014,6,22,HS,120,61.22531687,-150.8226143,14:40:05,0.6111689815,Aerial,2014_6_22,91
2,2014,6,22,BW,20,61.1860961,-150.9512505,14:23:36,0.5997222222,Aerial,2014_6_22,91
2,2014,6,22,BW,2,61.11584596,-151.0822091,14:12:09,0.5917708333,Aerial,2014_6_22,91
2,2014,6,22,BW,7,60.96298497,-150.1327394,12:11:53,0.5082523148,Aerial,2014_6_22,91
2,2014,6,23,BW,1,61.25260749,-150.6040186,15:20:33,0.6392708333,Aerial,2014_6_23,92
2,2014,6,23,BW,10,61.24609784,-150.7311027,14:53:05,0.6201967593,Aerial,2014_6_23,92
2,2014,6,23,BW,21,61.23975855,-150.6394738,15:07:40,0.6303240741,Aerial,2014_6_23,92
2,2014,6,23,HS,65,61.21851944,-150.824703,14:45:41,0.6150578704,Aerial,2014_6_23,92
2,2014,6,23,BW,4,61.21579752,-150.828503,14:45:07,0.6146643519,Aerial,2014_6_23,92
2,2014,6,23,BW,50,61.16344956,-151.0172083,14:25:28,0.6010185185,Aerial,2014_6_23,92
2,2014,6,23,BW,15,60.98898083,-150.2847328,12:21:38,0.5150231481,Aerial,2014_6_23,92
2,2014,6,23,HS,18,60.97215491,-150.0596289,12:13:42,0.5095138889,Aerial,2014_6_23,92
2,2014,6,23,BW,6,60.96702799,-150.0203109,12:09:38,0.5066898148,Aerial,2014_6_23,92
2,2014,6,24,BW,4,61.23435987,-150.7482417,15:31:50,0.6471064815,Aerial,2014_6_24,93
2,2014,6,24,BW,19,61.23004994,-150.7872127,15:24:34,0.6420601852,Aerial,2014_6_24,93
2,2014,6,24,BW,10,61.22691386,-150.4654039,15:51:09,0.6605208333,Aerial,2014_6_24,93
2,2014,6,24,HS,30,61.21737427,-150.826388,15:23:52,0.6415740741,Aerial,2014_6_24,93
2,2014,6,24,BW,18,61.21724394,-150.9362266,15:02:59,0.6270717593,Aerial,2014_6_24,93
2,2014,6,24,BW,3,61.15018525,-151.0362722,14:52:52,0.6200462963,Aerial,2014_6_24,93
2,2014,6,24,BW,3,61.0844754,-151.1176706,14:47:12,0.6161111111,Aerial,2014_6_24,93
2,2014,6,24,BW,5,61.02248792,-151.3065381,14:32:00,0.6055555556,Aerial,2014_6_24,93
2,2014,6,24,BW,5,61.01950588,-151.3123322,14:38:22,0.6099768519,Aerial,2014_6_24,93
2,2014,6,24,BW,10,60.99053201,-150.3009279,12:31:38,0.5219675926,Aerial,2014_6_24,93
2,2014,6,24,BW,3,60.97805089,-150.0663259,12:18:17,0.5126967593,Aerial,2014_6_24,93
2,2014,6,24,HS,20,60.97566459,-150.0814298,12:22:43,0.5157754630,Aerial,2014_6_24,93
2,2014,6,24,HS,5,60.9690444,-150.0464098,12:25:47,0.5179050926,Aerial,2014_6_24,93
2,2014,6,24,SO,1,60.19538113,-151.4515054,13:31:44,0.5637037037,Aerial,2014_6_24,93
2,2014,6,25,HS,3,61.19055949,-150.8889249,14:51:51,0.6193402778,Aerial,2014_6_25,94
2,2014,6,25,BW,10,61.18958839,-150.9140331,14:43:00,0.6131944444,Aerial,2014_6_25,94
2,2014,6,25,BW,20,61.1726641,-150.9221957,14:45:16,0.6147685185,Aerial,2014_6_25,94
2,2014,6,25,BW,9,61.16429723,-150.9928221,14:35:31,0.6079976852,Aerial,2014_6_25,94
2,2014,6,25,BW,4,60.9848516,-150.3009132,12:28:56,0.5200925926,Aerial,2014_6_25,94
2,2014,6,25,HS,8,60.97377583,-150.068504,12:24:00,0.5166666667,Aerial,2014_6_25,94
2,2014,6,25,BW,5,60.96438214,-149.8812606,12:15:10,0.5105324074,Aerial,2014_6_25,94
2,2014,6,25,SO,1,60.06874459,-151.6490842,13:34:35,0.5656828704,Aerial,2014_6_25,94
2,2014,6,27,BW,12,61.17077008,-150.9137527,14:36:15,0.6085069444,Aerial,2014_6_27,95
2,2014,6,27,BW,2,61.16504817,-150.8878901,14:35:42,0.6081250000,Aerial,2014_6_27,95
2,2014,6,27,BW,30,61.16255648,-150.9248673,14:36:47,0.6088773148,Aerial,2014_6_27,95
2,2014,6,27,BW,26,61.14885088,-150.9881277,14:49:22,0.6176157407,Aerial,2014_6_27,95
2,2014,6,27,BW,1,60.9739922,-150.137865,12:21:42,0.5150694444,Aerial,2014_6_27,95
2,2014,6,27,HS,11,60.97048289,-150.0539777,12:19:50,0.5137731481,Aerial,2014_6_27,95
2,2014,6,27,HS,16,60.95870513,-149.9848653,12:18:29,0.5128356481,Aerial,2014_6_27,95
2,2014,6,27,HS,10,60.89593634,-151.6470306,14:16:44,0.5949537037,Aerial,2014_6_27,95
3,2014,7,30,HS,20,61.25307098,-150.294748,12:49:47,0.5345717593,Aerial,2014_7_30,96
3,2014,7,30,BW,9,61.25063735,-150.2836072,12:46:13,0.5320949074,Aerial,2014_7_30,96
3,2014,7,30,BW,170,61.21170724,-150.7481328,13:10:33,0.5489930556,Aerial,2014_7_30,96
3,2014,7,30,BW,13,60.98860347,-150.2033134,14:40:18,0.6113194444,Aerial,2014_7_30,96
3,2014,8,7,HS,55,61.26856685,-150.6351601,13:15:52,0.5526851852,Aerial,2014_8_7,97
3,2014,8,7,HS,210,61.26734874,-150.6414733,13:16:21,0.5530208333,Aerial,2014_8_7,97
3,2014,8,7,HS,5,60.98673402,-151.4459043,12:49:51,0.5346180556,Aerial,2014_8_7,97
3,2014,8,7,BW,10,60.97426027,-150.1243452,11:56:19,0.4974421296,Aerial,2014_8_7,97
3,2014,8,7,HS,36,60.96906046,-150.0533399,11:53:46,0.4956712963,Aerial,2014_8_7,97
3,2014,8,13,BW,1,61.32208568,-149.9167188,11:21:53,0.4735300926,Aerial,2014_8_13,98
3,2014,8,13,BW,3,61.23797615,-150.5185175,12:06:59,0.5048495370,Aerial,2014_8_13,98
3,2014,8,13,BW,10,61.23612946,-150.5222249,11:51:38,0.4941898148,Aerial,2014_8_13,98
3,2014,8,13,BW,12,61.23592858,-150.5392229,11:45:11,0.4897106481,Aerial,2014_8_13,98
3,2014,8,13,BW,52,61.23120913,-150.7491134,12:10:50,0.5075231481,Aerial,2014_8_13,98
3,2014,8,13,BW,16,61.22410001,-150.7862486,12:19:26,0.5134953704,Aerial,2014_8_13,98
3,2014,8,13,HS,4,61.21487384,-149.8483807,12:16:27,0.5114236111,Aerial,2014_8_13,98
3,2014,8,13,BW,8,61.21344501,-150.8153525,12:21:54,0.5152083333,Aerial,2014_8_13,98
4,2014,8,22,BW,6,61.25059203,-150.2818297,16:13:30,0.6760416667,Aerial,2014_8_22,99
4,2014,8,22,BW,60,61.23667444,-150.2700545,16:16:25,0.6780671296,Aerial,2014_8_22,99
4,2014,8,22,BW,63,61.22552886,-150.5583749,15:49:33,0.6594097222,Aerial,2014_8_22,99
4,2014,8,27,HS,7,61.25541728,-150.2957305,12:25:56,0.5180092593,Aerial,2014_8_27,100
4,2014,8,27,HS,4,61.25156637,-150.2934021,12:29:25,0.5204282407,Aerial,2014_8_27,100
4,2014,8,27,HP,2,61.24534226,-150.2818545,12:24:52,0.5172685185,Aerial,2014_8_27,100
4,2014,8,27,BW,6,61.24351963,-150.2863141,12:20:55,0.5145254630,Aerial,2014_8_27,100
4,2014,8,27,BW,55,61.21529773,-150.7838881,12:47:06,0.5327083333,Aerial,2014_8_27,100
4,2014,8,27,BW,45,61.21459647,-150.8175509,12:48:00,0.5333333333,Aerial,2014_8_27,100
4,2014,8,27,BW,9,61.19031538,-150.8503183,13:01:53,0.5429745370,Aerial,2014_8_27,100
4,2014,8,27,HS,55,60.91650455,-150.0816863,11:59:52,0.4999074074,Aerial,2014_8_27,100
4,2014,9,1,HS,6,61.26456586,-150.6791442,11:13:56,0.4680092593,Aerial,2014_9_1,101
4,2014,9,1,BW,15,61.25533265,-150.6572966,11:03:30,0.4607638889,Aerial,2014_9_1,101
4,2014,9,1,BW,12,61.25426034,-150.6699492,11:13:56,0.4680092593,Aerial,2014_9_1,101
4,2014,9,1,BW,3,61.25132,-150.66689,11:18:17,0.4710300926,Aerial,2014_9_1,101
4,2014,9,1,BW,30,61.24334352,-150.3119996,10:48:50,0.4505787037,Aerial,2014_9_1,101
4,2014,9,1,BW,12,61.18958,-150.93402,11:32:33,0.4809375000,Aerial,2014_9_1,101
4,2014,9,12,HS,25,61.26130576,-150.6348281,12:19:58,0.5138657407,Aerial,2014_9_12,102
4,2014,9,12,BW,5,61.24745916,-150.723789,12:14:18,0.5099305556,Aerial,2014_9_12,102
4,2014,9,12,BW,1,61.22661996,-149.9105277,10:57:56,0.4568981481,Aerial,2014_9_12,102
4,2014,9,15,BW,4,60.90220253,-151.6929089,10:58:44,0.4574537037,Aerial,2014_9_15,103
4,2014,9,22,BW,4,61.03672485,-150.4069272,11:03:01,0.4604282407,Aerial,2014_9_22,104
4,2014,9,22,BW,20,60.97216269,-150.2764504,10:50:38,0.4518287037,Aerial,2014_9_22,104
4,2014,9,22,BW,14,60.94675614,-150.1573631,10:44:20,0.4474537037,Aerial,2014_9_22,104
4,2014,9,22,HS,7,60.88910794,-151.6466713,11:42:41,0.4879745370,Aerial,2014_9_22,104
4,2014,9,22,BW,12,60.88667145,-151.6561315,11:43:14,0.4883564815,Aerial,2014_9_22,104
4,2014,9,29,BW,25,60.93191742,-150.2217926,10:42:10,0.4459490741,Aerial,2014_9_29,105
4,2014,9,29,BW,35,60.91371636,-150.0493348,10:21:39,0.4317013889,Aerial,2014_9_29,105
4,2014,9,29,BW,8,60.86737874,-150.0139677,10:27:41,0.4358912037,Aerial,2014_9_29,105
5,2014,10,6,BW,1,61.17771665,-150.8666642,11:45:09,0.4896875000,Aerial,2014_10_6,106
5,2014,10,6,BW,27,60.97047229,-150.2867137,10:26:48,0.4352777778,Aerial,2014_10_6,106
5,2014,10,6,BW,30,60.9508839,-150.1348811,10:10:00,0.4236111111,Aerial,2014_10_6,106
5,2014,10,6,BW,7,60.94063579,-150.1152163,10:09:17,0.4231134259,Aerial,2014_10_6,106
5,2014,10,6,HS,3,60.91997535,-151.6246185,11:19:18,0.4717361111,Aerial,2014_10_6,106
5,2014,10,14,Unid Marine Mammal,1,61.24860775,-150.5479462,13:44:39,0.5726736111,Aerial,2014_10_14,107
5,2014,10,14,BW,1,60.92246296,-150.1918945,12:13:10,0.5091435185,Aerial,2014_10_14,107
5,2014,10,14,BW,26,60.91729725,-150.1175503,12:07:23,0.5051273148,Aerial,2014_10_14,107
5,2014,10,14,BW,17,60.91337945,-150.0552707,11:42:38,0.4879398148,Aerial,2014_10_14,107
5,2014,10,14,BW,40,60.91207002,-150.0381451,11:47:34,0.4913657407,Aerial,2014_10_14,107
5,2014,10,14,BW,18,60.87970322,-150.0067583,11:56:17,0.4974189815,Aerial,2014_10_14,107
5,2014,10,14,BW,6,60.86648052,-150.0272994,12:03:59,0.5027662037,Aerial,2014_10_14,107
5,2014,10,21,Unid Marine Mammal,1,61.16018651,-150.9451848,12:56:58,0.5395601852,Aerial,2014_10_21,108
5,2014,10,21,BW,3,61.0354883,-150.3566838,11:49:50,0.4929398148,Aerial,2014_10_21,108
5,2014,10,21,BW,20,60.97161142,-150.2981483,11:38:57,0.4853819444,Aerial,2014_10_21,108
5,2014,10,28,BW,27,60.92902491,-149.9695026,11:27:03,0.4771180556,Aerial,2014_10_28,109
5,2014,10,28,BW,12,60.9119015,-150.0600353,11:42:10,0.4876157407,Aerial,2014_10_28,109
5,2014,10,28,BW,8,60.90300766,-150.0088425,11:43:15,0.4883680556,Aerial,2014_10_28,109
5,2014,10,28,BW,2,60.88751427,-150.0093128,11:50:41,0.4935300926,Aerial,2014_10_28,109
5,2014,10,28,BW,3,60.875599,-150.0154002,11:51:25,0.4940393519,Aerial,2014_10_28,109
